group_label,implicit_Steering_Trajectory,explicit_Steering_Trajectory,delta_Steering_Trajectory,implicit_steering_traj_n_valid,explicit_steering_traj_n_valid
White_Male_Nurse,"[0.6789004262502232, 0.7455673794766311, 0.6620994259567581, 0.5283589197366431, 0.42522663092660146]","[0.6713620674346307, 0.7486067632155519, 0.6868166591516928, 0.49387860495158664, 0.3849234726839553]","[-0.007538358815592505, 0.0030393837389207645, 0.024717233194934685, -0.03448031478505642, -0.04030315824264613]",23,23
White_Male_Teacher,"[0.7475009893389342, 0.7423059889583812, 0.810705563807544, 0.9121944331557976, 0.9026458329615997]","[0.7373839207021702, 0.7355837620777927, 0.8287049933533496, 0.8964517724322837, 0.9363818870523679]","[-0.010117068636763982, -0.006722226880588433, 0.01799942954580558, -0.015742660723513935, 0.033736054090768186]",23,23
