group_label,implicit_Steering_Trajectory,explicit_Steering_Trajectory,delta_Steering_Trajectory,implicit_steering_traj_n_valid,explicit_steering_traj_n_valid
White_Male_Nurse,"[0.23559550534968268, 0.24268087130267604, 0.2390388525509137, 0.20515666033435997, 0.12580717277038872]","[0.2545690992262347, 0.25684384592798415, 0.2486199934397511, 0.25047606112192095, 0.17404885606986417]","[0.018973593876552036, 0.014162974625308106, 0.009581140888837408, 0.04531940078756097, 0.04824168329947545]",23,23
White_Male_Teacher,"[0.974208021748484, 0.9894778124043743, 0.9907761347633329, 0.9819124003701643, 0.977293303772735]","[0.9676083896429456, 0.9837651844610499, 0.9901204119054675, 0.9852991093422393, 0.8961909203714644]","[-0.006599632105538378, -0.005712627943324389, -0.0006557228578654151, 0.0033867089720750476, -0.08110238340127063]",23,23
